Nom,Adresse,Téléphone,Email
Turpin Poirier S.A.,"5, chemin de Hoareau, 22096 Saint Julie",01 49 14 51 80,emmanuellecolas@lagarde.fr
Pons,"49, chemin Garnier, 44444 Guillaume",0192535917,peltierroger@gerard.com
Raynaud Duhamel S.A.,"rue Weber, 63567 Bonneau",+33 3 54 18 43 12,hlucas@millet.fr
Mace S.A.R.L.,"85, boulevard de Laurent, 12602 Saint Lucie-sur-Mer",+33 (0)1 97 61 50 76,rbaron@dias.fr
Simon Meunier S.A.,"1, avenue Guillon, 11133 Muller-sur-Mer",06 71 39 82 41,omarty@paul.fr
Lenoir Jacques S.A.R.L.,"96, rue Martineau, 29205 Lévêque",+33 (0)8 09 40 28 24,mperon@leblanc.com
Petitjean et Fils,"87, rue Blanc, 61347 Legendre-les-Bains",0236787192,hernandezmargaret@bigot.fr
Barbe Torres SARL,"92, boulevard Huet, 38688 Saint Madeleine",+33 1 43 88 24 80,sebastien25@auger.org
Verdier,"rue de Rousset, 83971 Sainte Danielle",+33 5 27 71 08 46,vmercier@charpentier.com
Bertrand S.A.,"73, boulevard Bertrand Legrand, 27320 Delattre-la-Forêt",03 04 29 95 46,dominiquegomes@collin.com
Hubert S.A.S.,"85, rue de Humbert, 75995 Tanguy",+33 5 08 76 89 10,apotier@fournier.fr
Le Goff SARL,"51, chemin François Bonnet, 84148 Lefèvre",03 05 57 04 25,clercmargot@monnier.net
Duhamel,"avenue Zoé Mercier, 66352 Dubois",0599121516,annegregoire@ferrand.com
Buisson Dos Santos et Fils,"231, boulevard Gilbert Roche, 51537 Sainte Jeanne",+33 5 87 47 75 77,kguillou@mathieu.fr
Texier SA,"52, avenue de Bertrand, 35566 Carre",+33 1 83 39 96 44,buissonlucy@humbert.com
Bonnet Fabre S.A.R.L.,"83, rue Chantal Lemaire, 80642 Leduc-sur-Rocher",+33 6 25 55 20 14,margaretguillon@renault.com
Martel,"12, chemin de Jacquot, 71099 Blanchard-sur-Mer",0505193510,gleveque@gay.com
Bazin Bègue S.A.,"74, boulevard de Bailly, 32211 Antoine",02 29 56 09 01,martin14@georges.fr
Vallet SA,"6, rue de Andre, 96383 Ollivier-la-Forêt",+33 (0)5 77 55 29 57,zacharievoisin@blanchet.com
Lecoq,"91, boulevard Jules Dupuis, 25250 Lamy",0540618020,cpottier@aubert.com
Jacquet S.A.S.,"212, rue de Courtois, 33309 Fischer",06 99 06 84 77,christophe14@leclerc.fr
De Oliveira Carlier et Fils,"43, rue Paul, 36604 Dupuis-sur-Mer",+33 2 68 53 95 24,usimon@roy.net
Prévost S.A.S.,"15, rue Marie Moreno, 04182 Carpentier-sur-Mer",+33 (0)4 66 42 42 96,claudemathieu@labbe.com
Wagner,"611, avenue Anastasie Devaux, 31836 Vaillantboeuf",+33 4 66 97 21 45,maggie36@blin.fr
Dumas,"24, rue Ribeiro, 56047 Saint Christelle-les-Bains",+33 (0)3 41 96 60 46,sturpin@weber.fr
Boucher,"6, rue Guy Maillet, 28464 Faure",03 13 96 42 82,honoremoulin@mathieu.fr
Boucher,"46, boulevard Antoine Fleury, 90874 Potier-les-Bains",+33 4 84 38 10 74,xpicard@briand.com
Navarro,"93, chemin de Noël, 90799 Rodriguez",+33 (0)8 08 60 79 54,reneelecoq@tessier.org
Camus,"6, boulevard Dupré, 26144 Sainte Gillesnec",0386070163,sbegue@vaillant.fr
Schneider,"20, avenue Pauline Dias, 88152 Fouquetnec",+33 (0)6 82 63 51 71,mahemartine@leroy.com
Michaud Colas S.A.R.L.,"49, rue Odette Lucas, 83418 Mendès-sur-Roger",+33 (0)5 26 71 90 05,isaac84@renaud.com
Ledoux Grondin S.A.,"60, rue Lévêque, 94942 Bodin",06 58 86 63 55,blondelmichelle@mahe.fr
Ledoux Toussaint SARL,"31, boulevard Nicolas, 08148 Sainte Robertboeuf",+33 1 66 04 92 43,zroux@diallo.fr
Gomes Julien SA,"96, chemin Thibaut Foucher, 49849 HoarauBourg",+33 6 31 24 79 58,noel81@hardy.org
Roussel,"504, boulevard de Mary, 41797 Marydan",0358490958,oceane98@julien.com
Payet SA,"rue Constance Bazin, 34032 Dos Santos-sur-Deschamps",+33 (0)1 11 65 45 85,isaacfontaine@leleu.fr
Aubry S.A.R.L.,"18, chemin Inès Martin, 85701 Guyot-la-Forêt",+33 (0)2 36 47 09 72,ada-silva@guyot.org
Lagarde,"44, chemin Lacroix, 20176 Sainte Édouard",+33 (0)5 40 07 52 85,wcharpentier@buisson.fr
Bouvet,"821, chemin Stéphanie Camus, 86228 Ramosboeuf",01 11 38 32 92,anouk96@martineau.net
Lelièvre et Fils,"chemin Jean Ferreira, 24952 Saint ConstanceBourg",04 05 30 12 31,lerouxbrigitte@diallo.com
Gautier Pruvost SARL,"75, avenue de Lemaître, 45421 Gros-sur-Faure",+33 (0)2 18 97 09 09,martinezcecile@benard.org
Muller SA,"1, avenue de Peron, 45640 Saint Élodienec",0802705341,suzanne87@poirier.fr
Robin Paris S.A.R.L.,"71, chemin Thierry, 56776 Aubert-les-Bains",+33 5 35 07 72 75,rogerdupont@michel.fr
Charles Courtois S.A.S.,"56, rue Thérèse Verdier, 89363 Ollivier",0242875321,alfredde-oliveira@vaillant.fr
Moreau SA,"rue Baudry, 46280 Perrin-la-Forêt",06 19 00 14 39,aevrard@gallet.fr
Breton,"rue Couturier, 63469 Sainte Richard",+33 (0)8 00 09 40 67,astridlebon@regnier.net
Fleury Laroche SA,"28, rue de Moulin, 80734 Rolland",03 66 62 21 95,roger52@chauvet.com
Navarro,"75, rue Hubert, 33712 Deschamps",+33 2 78 15 78 76,christianehoareau@diallo.com
Clerc Navarro S.A.S.,"9, boulevard Jeannine Fontaine, 90141 Saint Colette",02 94 81 87 93,ygilles@turpin.fr
Lévêque,"23, boulevard de Legros, 35298 Saint RémyVille",03 13 98 01 17,benjamin80@giraud.fr
Bruneau S.A.S.,"boulevard Gérard Moreno, 85247 Dubois",0586193145,thomasdevaux@carpentier.com
Antoine,"833, chemin David Robin, 65477 Sainte Diane",0115216551,oseguin@legendre.net
Coste Rémy S.A.S.,"2, boulevard Nathalie Bertrand, 86834 Laurentboeuf",0156774354,yvesjacob@tessier.com
Legendre Lacroix et Fils,"30, rue Frédéric Guérin, 68320 Coste-la-Forêt",0806663370,eleonore68@guillet.fr
Royer et Fils,"2, chemin Carlier, 72824 Gautier",+33 (0)5 22 38 58 87,vdupuis@gauthier.com
Pires Parent SARL,"69, avenue Charlotte Guérin, 11041 AllainBourg",+33 (0)1 11 92 79 07,gimeneznicole@louis.com
Meunier,"47, boulevard Lévy, 49832 Saint AntoinetteBourg",04 08 59 49 39,juliettecouturier@durand.com
Lemaître,"9, rue Adam, 29925 Meyer",+33 6 79 37 45 80,ferrandphilippine@pichon.fr
François,"467, rue de Laroche, 54033 MartineauVille",0210678505,cordierjean@marty.com
Picard Fouquet S.A.R.L.,"67, rue Denis, 80264 Bègue-les-Bains",+33 (0)1 96 85 56 57,morelmanon@roussel.org
Jacob S.A.,"39, rue Philippe Germain, 66375 Gonzalez",+33 3 88 48 17 92,laetitia92@clement.fr
Jourdan et Fils,"rue Océane Marques, 86980 Pineaunec",+33 (0)4 54 27 21 57,malletbernard@parent.com
Philippe Tanguy S.A.,"9, boulevard de Normand, 29143 Gérard-sur-Becker",+33 8 01 43 09 98,theodore98@rossi.com
Legros,"13, avenue de Goncalves, 97221 Saint ConstanceBourg",+33 2 94 48 00 41,langloisjean@bousquet.fr
Henry Masson S.A.S.,"59, rue Guérin, 90384 Lebon",0584999365,jeromediaz@girard.com
Gillet,"325, avenue de Courtois, 99678 Camus",+33 (0)6 46 37 66 17,renaudjosephine@vaillant.com
Legros Laroche SA,"5, boulevard Launay, 84231 Maréchal",+33 4 07 42 96 90,eugeneboulanger@mendes.fr
Bigot Roger SARL,"44, rue de Mathieu, 08107 Sainte Roland",+33 1 72 61 97 83,emmanuelle70@monnier.fr
Antoine et Fils,"31, chemin Bodin, 05665 Guillet-les-Bains",+33 4 01 33 64 52,remylaine@arnaud.com
Bouchet Berger et Fils,"814, avenue de Peltier, 68604 Aubert",+33 1 34 40 19 60,victoire54@roussel.fr
Masson,"88, rue de Traore, 58449 Roussel-sur-François",+33 3 37 90 94 55,znicolas@devaux.fr
Lacroix,"27, rue Launay, 44494 Saint EmmanuelleVille",+33 (0)1 49 03 19 83,plopez@hamel.org
Bonneau,"109, avenue de Lambert, 69503 Mercier",+33 (0)1 63 74 57 86,meyeraimee@leclerc.fr
Hebert Jourdan S.A.R.L.,"avenue Laurent Adam, 74381 Navarro-les-Bains",+33 2 21 78 21 79,olivier51@bertin.fr
Leduc,"rue Émile Meyer, 73341 Turpin",+33 3 20 75 22 47,henriette34@dupuy.net
Guilbert,"3, rue Gabrielle Bailly, 15272 Roux",+33 4 10 66 89 00,marysylvie@lemaire.fr
Andre,"24, rue de Gauthier, 45053 Sainte Océane",0212383187,ehenry@blin.fr
Bourdon Lamy SA,"86, boulevard Emmanuel Gay, 48841 BrunVille",+33 (0)6 58 86 54 00,maillotbernard@fischer.com
Baudry Vidal S.A.R.L.,"272, avenue Thibaut Huet, 00703 BouchetVille",+33 (0)8 05 13 51 80,edouard40@fernandes.org
Blanchard,"82, rue de Huet, 58708 Hardy",+33 3 43 71 86 30,sebastiendelannoy@dos.com
Bigot,"1, avenue Michel Petitjean, 74015 Jacquot-la-Forêt",+33 (0)3 28 51 02 30,honoremorvan@merle.com
Marques S.A.,"12, avenue Christophe Renaud, 49093 Langlois",+33 (0)8 04 96 70 13,gonzalezedouard@le.org
Gauthier Gay S.A.S.,"98, rue de Faure, 62016 Sainte Christelle-les-Bains",03 70 85 37 92,bernierbenoit@pierre.fr
Menard,"589, avenue Perrot, 27842 Guibert",+33 (0)5 26 88 18 79,juliegoncalves@costa.com
Merle Dijoux SARL,"18, rue Jeanne Aubry, 74822 BrunelBourg",+33 (0)5 78 56 68 14,marqueshenri@petitjean.fr
Roussel Roy S.A.S.,"93, rue de Durand, 67895 Saint Marcelle",05 78 88 48 76,robert36@cordier.com
Gilbert Charrier et Fils,"98, rue de Thierry, 29447 Diallo",+33 (0)3 09 53 05 63,edouardhamel@dupuis.org
Lambert,"63, rue Dominique Marchal, 90357 Gaudin",+33 (0)1 60 29 85 12,jacques43@leveque.com
Peltier S.A.,"chemin de Poirier, 23868 Bailly-sur-Dias",04 58 91 47 82,de-oliveiradominique@laroche.fr
Perez,"1, avenue Aurélie Grégoire, 61018 Chrétien",+33 4 62 75 60 47,ollivieraime@sanchez.fr
Leduc S.A.R.L.,"83, boulevard de Auger, 38074 Germainnec",+33 1 52 63 55 44,cecile94@arnaud.fr
Lecomte,"75, avenue Pauline Pasquier, 87137 Cousin",0403726688,zmaillet@salmon.fr
Monnier Rousset S.A.R.L.,"3, boulevard de Jourdan, 69943 Deschamps",+33 1 23 03 14 04,neveuagnes@marie.com
Grenier,"148, chemin Schmitt, 85910 FerrandBourg",+33 1 20 23 20 76,fmunoz@picard.fr
Mace Hebert S.A.R.L.,"rue Martineau, 88182 Marchand",+33 2 16 30 56 96,reynaudalix@godard.org
Besnard,"94, rue de De Oliveira, 03733 Saint Madeleine",+33 5 15 84 77 63,sthierry@benoit.com
Lejeune,"rue Costa, 03349 Robin-sur-Mer",0481617210,elisabeth04@blin.net
Da Costa Robin S.A.S.,"77, boulevard Bègue, 37183 Samson",01 81 07 58 58,fhebert@toussaint.org
Boutin,"boulevard de Martineau, 50039 Bazinboeuf",+33 (0)4 01 73 70 80,mauricedelmas@charles.net
Blot S.A.,"1, rue Catherine Pichon, 75978 Saint Matthieu-les-Bains",06 35 09 14 37,hortense58@lopes.com
